"enrollmentId";"studentId";"courseId";"startDate";"grade"
3001;1001;"BUSX2003";"2020-08-31";""
3002;1001;"BUSX2004";"2020-01-12";"A"
3003;1001;"BUSX2001";"2020-08-31";""
3004;1002;"BUSX2001";"2020-08-31";""
3005;1002;"BUSX2002";"2020-08-31";""
3006;1002;"BUSX2003";"2020-08-31";""
3007;1002;"BUSX2004";"2020-01-12";"B-"
3008;1003;"BUSX2002";"2020-08-31";""
3009;1003;"BUSX2001";"2020-08-31";""
